# name	label	logo	key	accent	key2	salute	border	dim	music
matcha	Matcha	248;184;208	181;211;113	166;196;122	236;236;140	245;211;155	150;160;160	120;128;128	30;215;96
sakura	Sakura	255;183;206	244;160;190	255;205;222	255;214;165	255;190;210	160;145;155	125;115;122	30;215;96
ocean	Ocean	125;196;255	110;200;245	160;220;255	180;235;220	255;220;160	120;140;160	105;118;132	30;215;96
sunset	Sunset	255;160;110	255;190;110	255;140;120	255;220;140	255;200;150	160;140;130	130;115;108	30;215;96
mono	Mono	230;230;230	210;210;210	255;255;255	230;230;230	255;255;255	120;120;120	110;110;110	200;200;200
midnight	Midnight	165;180;252	129;140;248	199;210;254	147;197;253	224;231;255	107;114;128	91;100;117	30;215;96
terminal	Terminal	51;255;102	51;255;102	153;255;170	204;255;102	102;255;153	47;111;63	63;127;79	51;255;102
lavender	Lavender	216;180;254	192;132;252	233;213;255	240;171;252	245;208;254	154;143;168	124;115;135	30;215;96
arctic	Arctic	224;242;254	125;211;252	186;230;253	165;243;252	240;249;255	138;164;184	107;132;150	30;215;96
graphite	Graphite	200;200;205	156;163;175	229;231;235	209;213;219	243;244;246	107;114;128	85;91;99	180;180;180
neon	Neon	255;43;214	0;240;255	176;38;255	250;255;0	255;106;213	122;92;158	106;90;128	0;255;140
crimson	Crimson	255;107;129	225;29;72	251;113;133	253;164;175	255;228;230	159;122;128	127;95;101	30;215;96
retro	Retro	255;176;0	255;204;102	255;210;138	255;154;60	255;224;163	138;115;80	110;92;64	255;176;0
